{"cameraMode":{"drawMode":0,"name":"Shaded","section":"Shading Mode"},"sceneLighting":false,"audioPlay":false,"sceneViewState":{"showFog":true,"showMaterialUpdate":false,"showSkybox":false,"showFlares":true,"showImageEffects":true,"showParticleSystems":true,"showVisualEffectGraphs":true,"m_FxEnabled":true},"in2DMode":false,"pivot":{"x":-0.5491393804550171,"y":-0.48206478357315066,"z":0.35782575607299807},"rotation":{"x":0.2132377177476883,"y":-0.06767752766609192,"z":0.014762137085199356,"w":0.9745935797691345},"size":4.21552038192749,"orthographic":false}